<?xml version="1.0" encoding="UTF-8"?>
<config xmlns="http://www.knime.org/2008/09/XMLConfig" xmlns:xsi="http://www.w3.org/2001/XMLSchema-instance" xsi:schemaLocation="http://www.knime.org/2008/09/XMLConfig http://www.knime.org/XMLConfig_2008_09.xsd" key="model.xml">
<entry key="version" type="xint" value="1"/>
<entry key="class_name" type="xstring" value="org.knime.base.data.normalize.NormalizerPortObject"/>
<config key="model">
<config key="columns">
<config key="COMPACTNESS">
<entry key="column_name" type="xstring" value="COMPACTNESS"/>
<entry key="column_scale" type="xdouble" value="0.12195150569398742"/>
<entry key="column_translate" type="xdouble" value="-11.404630602015526"/>
<entry key="column_min" type="xdouble" value="NaN"/>
<entry key="column_max" type="xdouble" value="NaN"/>
</config>
<config key="CIRCULARITY">
<entry key="column_name" type="xstring" value="CIRCULARITY"/>
<entry key="column_scale" type="xdouble" value="0.1621147596991268"/>
<entry key="column_translate" type="xdouble" value="-7.264467900600513"/>
<entry key="column_min" type="xdouble" value="NaN"/>
<entry key="column_max" type="xdouble" value="NaN"/>
</config>
<config key="DISTANCE CIRCULARITY">
<entry key="column_name" type="xstring" value="DISTANCE CIRCULARITY"/>
<entry key="column_scale" type="xdouble" value="0.06330962310561358"/>
<entry key="column_translate" type="xdouble" value="-5.1712536376074905"/>
<entry key="column_min" type="xdouble" value="NaN"/>
<entry key="column_max" type="xdouble" value="NaN"/>
</config>
<config key="RADIUS RATIO">
<entry key="column_name" type="xstring" value="RADIUS RATIO"/>
<entry key="column_scale" type="xdouble" value="0.03012621346755448"/>
<entry key="column_translate" type="xdouble" value="-5.0653930105757095"/>
<entry key="column_min" type="xdouble" value="NaN"/>
<entry key="column_max" type="xdouble" value="NaN"/>
</config>
<config key="PR.AXIS ASPECT RATIO">
<entry key="column_name" type="xstring" value="PR.AXIS ASPECT RATIO"/>
<entry key="column_scale" type="xdouble" value="0.13077937707196313"/>
<entry key="column_translate" type="xdouble" value="-8.053958945093047"/>
<entry key="column_min" type="xdouble" value="NaN"/>
<entry key="column_max" type="xdouble" value="NaN"/>
</config>
<config key="MAX.LENGTH ASPECT RATIO">
<entry key="column_name" type="xstring" value="MAX.LENGTH ASPECT RATIO"/>
<entry key="column_scale" type="xdouble" value="0.22042150382836911"/>
<entry key="column_translate" type="xdouble" value="-1.8729306479144259"/>
<entry key="column_min" type="xdouble" value="NaN"/>
<entry key="column_max" type="xdouble" value="NaN"/>
</config>
<config key="SCATTER RATIO">
<entry key="column_name" type="xstring" value="SCATTER RATIO"/>
<entry key="column_scale" type="xdouble" value="0.030045288767707744"/>
<entry key="column_translate" type="xdouble" value="-5.050941939983152"/>
<entry key="column_min" type="xdouble" value="NaN"/>
<entry key="column_max" type="xdouble" value="NaN"/>
</config>
<config key="ELONGATEDNESS">
<entry key="column_name" type="xstring" value="ELONGATEDNESS"/>
<entry key="column_scale" type="xdouble" value="0.12777011057137788"/>
<entry key="column_translate" type="xdouble" value="-5.25237219329589"/>
<entry key="column_min" type="xdouble" value="NaN"/>
<entry key="column_max" type="xdouble" value="NaN"/>
</config>
<config key="PR.AXIS RECTANGULARITY">
<entry key="column_name" type="xstring" value="PR.AXIS RECTANGULARITY"/>
<entry key="column_scale" type="xdouble" value="0.38548617109132977"/>
<entry key="column_translate" type="xdouble" value="-7.9138714236767465"/>
<entry key="column_min" type="xdouble" value="NaN"/>
<entry key="column_max" type="xdouble" value="NaN"/>
</config>
<config key="MAX.LENGTH RECTANGULARITY">
<entry key="column_name" type="xstring" value="MAX.LENGTH RECTANGULARITY"/>
<entry key="column_scale" type="xdouble" value="0.06938646814574807"/>
<entry key="column_translate" type="xdouble" value="-10.258522444317524"/>
<entry key="column_min" type="xdouble" value="NaN"/>
<entry key="column_max" type="xdouble" value="NaN"/>
</config>
<config key="SCALED VARIANCE_MAJOR">
<entry key="column_name" type="xstring" value="SCALED VARIANCE_MAJOR"/>
<entry key="column_scale" type="xdouble" value="0.032387945803902266"/>
<entry key="column_translate" type="xdouble" value="-6.079112022835107"/>
<entry key="column_min" type="xdouble" value="NaN"/>
<entry key="column_max" type="xdouble" value="NaN"/>
</config>
<config key="SCALED VARIANCE_MINOR">
<entry key="column_name" type="xstring" value="SCALED VARIANCE_MINOR"/>
<entry key="column_scale" type="xdouble" value="0.005660719853486468"/>
<entry key="column_translate" type="xdouble" value="-2.4697067560778345"/>
<entry key="column_min" type="xdouble" value="NaN"/>
<entry key="column_max" type="xdouble" value="NaN"/>
</config>
<config key="SCALED RADIUS OF GYRATION">
<entry key="column_name" type="xstring" value="SCALED RADIUS OF GYRATION"/>
<entry key="column_scale" type="xdouble" value="0.030910625812781135"/>
<entry key="column_translate" type="xdouble" value="-5.393721301218987"/>
<entry key="column_min" type="xdouble" value="NaN"/>
<entry key="column_max" type="xdouble" value="NaN"/>
</config>
<config key="SKEWNESS ABOUT_MAJOR">
<entry key="column_name" type="xstring" value="SKEWNESS ABOUT_MAJOR"/>
<entry key="column_scale" type="xdouble" value="0.13528100353250397"/>
<entry key="column_translate" type="xdouble" value="-9.793464128511362"/>
<entry key="column_min" type="xdouble" value="NaN"/>
<entry key="column_max" type="xdouble" value="NaN"/>
</config>
<config key="SKEWNESS ABOUT_MINOR">
<entry key="column_name" type="xstring" value="SKEWNESS ABOUT_MINOR"/>
<entry key="column_scale" type="xdouble" value="0.20759777668115498"/>
<entry key="column_translate" type="xdouble" value="-1.3131480666991404"/>
<entry key="column_min" type="xdouble" value="NaN"/>
<entry key="column_max" type="xdouble" value="NaN"/>
</config>
<config key="KURTOSIS ABOUT_MAJOR">
<entry key="column_name" type="xstring" value="KURTOSIS ABOUT_MAJOR"/>
<entry key="column_scale" type="xdouble" value="0.11541403063082181"/>
<entry key="column_translate" type="xdouble" value="-1.4310656874963736"/>
<entry key="column_min" type="xdouble" value="NaN"/>
<entry key="column_max" type="xdouble" value="NaN"/>
</config>
<config key="KURTOSIS ABOUT_MINOR">
<entry key="column_name" type="xstring" value="KURTOSIS ABOUT_MINOR"/>
<entry key="column_scale" type="xdouble" value="0.16158614386931605"/>
<entry key="column_translate" type="xdouble" value="-30.531176012041424"/>
<entry key="column_min" type="xdouble" value="NaN"/>
<entry key="column_max" type="xdouble" value="NaN"/>
</config>
<config key="HOLLOWS RATIO">
<entry key="column_name" type="xstring" value="HOLLOWS RATIO"/>
<entry key="column_scale" type="xdouble" value="0.13413178508517232"/>
<entry key="column_translate" type="xdouble" value="-26.239828086987448"/>
<entry key="column_min" type="xdouble" value="NaN"/>
<entry key="column_max" type="xdouble" value="NaN"/>
</config>
</config>
<entry key="summary" type="xstring" value="Z-Score (Gaussian) normalization on 18 column(s)"/>
</config>
</config>
