<?xml version="1.0" encoding="UTF-8"?>
<config xmlns="http://www.knime.org/2008/09/XMLConfig" xmlns:xsi="http://www.w3.org/2001/XMLSchema-instance" xsi:schemaLocation="http://www.knime.org/2008/09/XMLConfig http://www.knime.org/XMLConfig_2008_09.xsd" key="model.xml">
<entry key="version" type="xint" value="1"/>
<entry key="class_name" type="xstring" value="org.knime.base.data.normalize.NormalizerPortObject"/>
<config key="model">
<config key="columns">
<config key="COMPACTNESS">
<entry key="column_name" type="xstring" value="COMPACTNESS"/>
<entry key="column_scale" type="xdouble" value="0.11868201672274034"/>
<entry key="column_translate" type="xdouble" value="-11.132934976956236"/>
<entry key="column_min" type="xdouble" value="NaN"/>
<entry key="column_max" type="xdouble" value="NaN"/>
</config>
<config key="CIRCULARITY">
<entry key="column_name" type="xstring" value="CIRCULARITY"/>
<entry key="column_scale" type="xdouble" value="0.15881489054660816"/>
<entry key="column_translate" type="xdouble" value="-7.142911142276739"/>
<entry key="column_min" type="xdouble" value="NaN"/>
<entry key="column_max" type="xdouble" value="NaN"/>
</config>
<config key="DISTANCE CIRCULARITY">
<entry key="column_name" type="xstring" value="DISTANCE CIRCULARITY"/>
<entry key="column_scale" type="xdouble" value="0.06360163444243613"/>
<entry key="column_translate" type="xdouble" value="-5.24205423756623"/>
<entry key="column_min" type="xdouble" value="NaN"/>
<entry key="column_max" type="xdouble" value="NaN"/>
</config>
<config key="RADIUS RATIO">
<entry key="column_name" type="xstring" value="RADIUS RATIO"/>
<entry key="column_scale" type="xdouble" value="0.02921128501123439"/>
<entry key="column_translate" type="xdouble" value="-4.951975392792053"/>
<entry key="column_min" type="xdouble" value="NaN"/>
<entry key="column_max" type="xdouble" value="NaN"/>
</config>
<config key="PR.AXIS ASPECT RATIO">
<entry key="column_name" type="xstring" value="PR.AXIS ASPECT RATIO"/>
<entry key="column_scale" type="xdouble" value="0.11540837930486164"/>
<entry key="column_translate" type="xdouble" value="-7.133922302592432"/>
<entry key="column_min" type="xdouble" value="NaN"/>
<entry key="column_max" type="xdouble" value="NaN"/>
</config>
<config key="MAX.LENGTH ASPECT RATIO">
<entry key="column_name" type="xstring" value="MAX.LENGTH ASPECT RATIO"/>
<entry key="column_scale" type="xdouble" value="0.2104890608502261"/>
<entry key="column_translate" type="xdouble" value="-1.808047061149378"/>
<entry key="column_min" type="xdouble" value="NaN"/>
<entry key="column_max" type="xdouble" value="NaN"/>
</config>
<config key="SCATTER RATIO">
<entry key="column_name" type="xstring" value="SCATTER RATIO"/>
<entry key="column_scale" type="xdouble" value="0.029416224059121365"/>
<entry key="column_translate" type="xdouble" value="-4.9811472740112235"/>
<entry key="column_min" type="xdouble" value="NaN"/>
<entry key="column_max" type="xdouble" value="NaN"/>
</config>
<config key="ELONGATEDNESS">
<entry key="column_name" type="xstring" value="ELONGATEDNESS"/>
<entry key="column_scale" type="xdouble" value="0.12703009588084407"/>
<entry key="column_translate" type="xdouble" value="-5.189693049270071"/>
<entry key="column_min" type="xdouble" value="NaN"/>
<entry key="column_max" type="xdouble" value="NaN"/>
</config>
<config key="PR.AXIS RECTANGULARITY">
<entry key="column_name" type="xstring" value="PR.AXIS RECTANGULARITY"/>
<entry key="column_scale" type="xdouble" value="0.3744121177705065"/>
<entry key="column_translate" type="xdouble" value="-7.720126783378451"/>
<entry key="column_min" type="xdouble" value="NaN"/>
<entry key="column_max" type="xdouble" value="NaN"/>
</config>
<config key="MAX.LENGTH RECTANGULARITY">
<entry key="column_name" type="xstring" value="MAX.LENGTH RECTANGULARITY"/>
<entry key="column_scale" type="xdouble" value="0.06775369639741673"/>
<entry key="column_translate" type="xdouble" value="-10.04371708114526"/>
<entry key="column_min" type="xdouble" value="NaN"/>
<entry key="column_max" type="xdouble" value="NaN"/>
</config>
<config key="SCALED VARIANCE_MAJOR">
<entry key="column_name" type="xstring" value="SCALED VARIANCE_MAJOR"/>
<entry key="column_scale" type="xdouble" value="0.03085862472579958"/>
<entry key="column_translate" type="xdouble" value="-5.84153157408011"/>
<entry key="column_min" type="xdouble" value="NaN"/>
<entry key="column_max" type="xdouble" value="NaN"/>
</config>
<config key="SCALED VARIANCE_MINOR">
<entry key="column_name" type="xstring" value="SCALED VARIANCE_MINOR"/>
<entry key="column_scale" type="xdouble" value="0.005510488277093193"/>
<entry key="column_translate" type="xdouble" value="-2.4409397993020594"/>
<entry key="column_min" type="xdouble" value="NaN"/>
<entry key="column_max" type="xdouble" value="NaN"/>
</config>
<config key="SCALED RADIUS OF GYRATION">
<entry key="column_name" type="xstring" value="SCALED RADIUS OF GYRATION"/>
<entry key="column_scale" type="xdouble" value="0.029973056478236774"/>
<entry key="column_translate" type="xdouble" value="-5.261778932522655"/>
<entry key="column_min" type="xdouble" value="NaN"/>
<entry key="column_max" type="xdouble" value="NaN"/>
</config>
<config key="SKEWNESS ABOUT_MAJOR">
<entry key="column_name" type="xstring" value="SKEWNESS ABOUT_MAJOR"/>
<entry key="column_scale" type="xdouble" value="0.13010903557543937"/>
<entry key="column_translate" type="xdouble" value="-9.434573143778016"/>
<entry key="column_min" type="xdouble" value="NaN"/>
<entry key="column_max" type="xdouble" value="NaN"/>
</config>
<config key="SKEWNESS ABOUT_MINOR">
<entry key="column_name" type="xstring" value="SKEWNESS ABOUT_MINOR"/>
<entry key="column_scale" type="xdouble" value="0.20275476774797285"/>
<entry key="column_translate" type="xdouble" value="-1.2393235212050642"/>
<entry key="column_min" type="xdouble" value="NaN"/>
<entry key="column_max" type="xdouble" value="NaN"/>
</config>
<config key="KURTOSIS ABOUT_MAJOR">
<entry key="column_name" type="xstring" value="KURTOSIS ABOUT_MAJOR"/>
<entry key="column_scale" type="xdouble" value="0.11177751534396246"/>
<entry key="column_translate" type="xdouble" value="-1.434367879344814"/>
<entry key="column_min" type="xdouble" value="NaN"/>
<entry key="column_max" type="xdouble" value="NaN"/>
</config>
<config key="KURTOSIS ABOUT_MINOR">
<entry key="column_name" type="xstring" value="KURTOSIS ABOUT_MINOR"/>
<entry key="column_scale" type="xdouble" value="0.16127642604296547"/>
<entry key="column_translate" type="xdouble" value="-30.481880721039754"/>
<entry key="column_min" type="xdouble" value="NaN"/>
<entry key="column_max" type="xdouble" value="NaN"/>
</config>
<config key="HOLLOWS RATIO">
<entry key="column_name" type="xstring" value="HOLLOWS RATIO"/>
<entry key="column_scale" type="xdouble" value="0.13564889576509412"/>
<entry key="column_translate" type="xdouble" value="-26.55534487450272"/>
<entry key="column_min" type="xdouble" value="NaN"/>
<entry key="column_max" type="xdouble" value="NaN"/>
</config>
</config>
<entry key="summary" type="xstring" value="Z-Score (Gaussian) normalization on 18 column(s)"/>
</config>
</config>
