<?xml version="1.0" encoding="UTF-8"?>
<config xmlns="http://www.knime.org/2008/09/XMLConfig" xmlns:xsi="http://www.w3.org/2001/XMLSchema-instance" xsi:schemaLocation="http://www.knime.org/2008/09/XMLConfig http://www.knime.org/XMLConfig_2008_09.xsd" key="model.xml">
<entry key="version" type="xint" value="1"/>
<entry key="class_name" type="xstring" value="org.knime.base.data.normalize.NormalizerPortObject"/>
<config key="model">
<config key="columns">
<config key="sepallength">
<entry key="column_name" type="xstring" value="sepallength"/>
<entry key="column_scale" type="xdouble" value="1.4847696277047664"/>
<entry key="column_translate" type="xdouble" value="-8.482983806286565"/>
<entry key="column_min" type="xdouble" value="NaN"/>
<entry key="column_max" type="xdouble" value="NaN"/>
</config>
<config key="sepalwidth">
<entry key="column_name" type="xstring" value="sepalwidth"/>
<entry key="column_scale" type="xdouble" value="2.563008463303598"/>
<entry key="column_translate" type="xdouble" value="-7.723198836088176"/>
<entry key="column_min" type="xdouble" value="NaN"/>
<entry key="column_max" type="xdouble" value="NaN"/>
</config>
<config key="petallength">
<entry key="column_name" type="xstring" value="petallength"/>
<entry key="column_scale" type="xdouble" value="0.6142871235596904"/>
<entry key="column_translate" type="xdouble" value="-2.248290872228467"/>
<entry key="column_min" type="xdouble" value="NaN"/>
<entry key="column_max" type="xdouble" value="NaN"/>
</config>
<config key="petalwidth">
<entry key="column_name" type="xstring" value="petalwidth"/>
<entry key="column_scale" type="xdouble" value="1.2848434009780012"/>
<entry key="column_translate" type="xdouble" value="-1.528963647163822"/>
<entry key="column_min" type="xdouble" value="NaN"/>
<entry key="column_max" type="xdouble" value="NaN"/>
</config>
</config>
<entry key="summary" type="xstring" value="Z-Score (Gaussian) normalization on 4 column(s)"/>
</config>
</config>
